TYPMAR2;REGDEP_DOMI;NATEPOUX;NBMAR
FF;1175;ETR_ETR;7
HF;1175;ETR_ETR;657
HH;1175;ETR_ETR;15
FF;1177;ETR_ETR;2
HF;1177;ETR_ETR;356
HH;1177;ETR_ETR;0
FF;1178;ETR_ETR;1
HF;1178;ETR_ETR;439
HH;1178;ETR_ETR;1
FF;1191;ETR_ETR;0
HF;1191;ETR_ETR;511
HH;1191;ETR_ETR;1
FF;1192;ETR_ETR;2
HF;1192;ETR_ETR;505
HH;1192;ETR_ETR;2
FF;1193;ETR_ETR;3
HF;1193;ETR_ETR;927
HH;1193;ETR_ETR;3
FF;1194;ETR_ETR;1
HF;1194;ETR_ETR;630
HH;1194;ETR_ETR;0
FF;1195;ETR_ETR;0
HF;1195;ETR_ETR;498
HH;1195;ETR_ETR;0
FF;2418;ETR_ETR;0
HF;2418;ETR_ETR;18
HH;2418;ETR_ETR;0
FF;2428;ETR_ETR;0
HF;2428;ETR_ETR;35
HH;2428;ETR_ETR;0
FF;2436;ETR_ETR;0
HF;2436;ETR_ETR;14
HH;2436;ETR_ETR;0
FF;2437;ETR_ETR;0
HF;2437;ETR_ETR;65
HH;2437;ETR_ETR;0
FF;2441;ETR_ETR;0
HF;2441;ETR_ETR;23
HH;2441;ETR_ETR;0
FF;2445;ETR_ETR;0
HF;2445;ETR_ETR;100
HH;2445;ETR_ETR;0
FF;2721;ETR_ETR;0
HF;2721;ETR_ETR;47
HH;2721;ETR_ETR;0
FF;2725;ETR_ETR;0
HF;2725;ETR_ETR;41
HH;2725;ETR_ETR;0
FF;2739;ETR_ETR;0
HF;2739;ETR_ETR;12
HH;2739;ETR_ETR;0
FF;2758;ETR_ETR;0
HF;2758;ETR_ETR;8
HH;2758;ETR_ETR;1
FF;2770;ETR_ETR;0
HF;2770;ETR_ETR;8
HH;2770;ETR_ETR;0
FF;2771;ETR_ETR;0
HF;2771;ETR_ETR;27
HH;2771;ETR_ETR;0
FF;2789;ETR_ETR;0
HF;2789;ETR_ETR;30
HH;2789;ETR_ETR;1
FF;2790;ETR_ETR;0
HF;2790;ETR_ETR;13
HH;2790;ETR_ETR;0
FF;2814;ETR_ETR;0
HF;2814;ETR_ETR;30
HH;2814;ETR_ETR;2
FF;2827;ETR_ETR;1
HF;2827;ETR_ETR;51
HH;2827;ETR_ETR;0
FF;2850;ETR_ETR;0
HF;2850;ETR_ETR;13
HH;2850;ETR_ETR;0
FF;2861;ETR_ETR;0
HF;2861;ETR_ETR;14
HH;2861;ETR_ETR;0
FF;2876;ETR_ETR;0
HF;2876;ETR_ETR;112
HH;2876;ETR_ETR;1
FF;3202;ETR_ETR;0
HF;3202;ETR_ETR;34
HH;3202;ETR_ETR;0
FF;3259;ETR_ETR;1
HF;3259;ETR_ETR;259
HH;3259;ETR_ETR;0
FF;3260;ETR_ETR;0
HF;3260;ETR_ETR;72
HH;3260;ETR_ETR;0
FF;3262;ETR_ETR;0
HF;3262;ETR_ETR;29
HH;3262;ETR_ETR;0
FF;3280;ETR_ETR;0
HF;3280;ETR_ETR;24
HH;3280;ETR_ETR;0
FF;4408;ETR_ETR;0
HF;4408;ETR_ETR;16
HH;4408;ETR_ETR;0
FF;4410;ETR_ETR;0
HF;4410;ETR_ETR;23
HH;4410;ETR_ETR;0
FF;4451;ETR_ETR;0
HF;4451;ETR_ETR;54
HH;4451;ETR_ETR;0
FF;4452;ETR_ETR;0
HF;4452;ETR_ETR;6
HH;4452;ETR_ETR;0
FF;4454;ETR_ETR;1
HF;4454;ETR_ETR;74
HH;4454;ETR_ETR;0
FF;4455;ETR_ETR;0
HF;4455;ETR_ETR;4
HH;4455;ETR_ETR;0
FF;4457;ETR_ETR;0
HF;4457;ETR_ETR;106
HH;4457;ETR_ETR;1
FF;4467;ETR_ETR;0
HF;4467;ETR_ETR;185
HH;4467;ETR_ETR;0
FF;4468;ETR_ETR;1
HF;4468;ETR_ETR;102
HH;4468;ETR_ETR;0
FF;4488;ETR_ETR;0
HF;4488;ETR_ETR;13
HH;4488;ETR_ETR;0
FF;5244;ETR_ETR;1
HF;5244;ETR_ETR;117
HH;5244;ETR_ETR;0
FF;5249;ETR_ETR;0
HF;5249;ETR_ETR;47
HH;5249;ETR_ETR;0
FF;5253;ETR_ETR;0
HF;5253;ETR_ETR;14
HH;5253;ETR_ETR;0
FF;5272;ETR_ETR;0
HF;5272;ETR_ETR;48
HH;5272;ETR_ETR;1
FF;5285;ETR_ETR;0
HF;5285;ETR_ETR;17
HH;5285;ETR_ETR;0
FF;5322;ETR_ETR;0
HF;5322;ETR_ETR;24
HH;5322;ETR_ETR;0
FF;5329;ETR_ETR;0
HF;5329;ETR_ETR;33
HH;5329;ETR_ETR;1
FF;5335;ETR_ETR;0
HF;5335;ETR_ETR;107
HH;5335;ETR_ETR;1
FF;5356;ETR_ETR;0
HF;5356;ETR_ETR;30
HH;5356;ETR_ETR;0
FF;7516;ETR_ETR;1
HF;7516;ETR_ETR;27
HH;7516;ETR_ETR;1
FF;7517;ETR_ETR;0
HF;7517;ETR_ETR;23
HH;7517;ETR_ETR;1
FF;7519;ETR_ETR;0
HF;7519;ETR_ETR;9
HH;7519;ETR_ETR;1
FF;7523;ETR_ETR;0
HF;7523;ETR_ETR;7
HH;7523;ETR_ETR;1
FF;7524;ETR_ETR;0
HF;7524;ETR_ETR;23
HH;7524;ETR_ETR;1
FF;7533;ETR_ETR;1
HF;7533;ETR_ETR;203
HH;7533;ETR_ETR;0
FF;7540;ETR_ETR;0
HF;7540;ETR_ETR;21
HH;7540;ETR_ETR;0
FF;7547;ETR_ETR;1
HF;7547;ETR_ETR;38
HH;7547;ETR_ETR;0
FF;7564;ETR_ETR;0
HF;7564;ETR_ETR;43
HH;7564;ETR_ETR;0
FF;7579;ETR_ETR;0
HF;7579;ETR_ETR;22
HH;7579;ETR_ETR;0
FF;7586;ETR_ETR;0
HF;7586;ETR_ETR;23
HH;7586;ETR_ETR;1
FF;7587;ETR_ETR;0
HF;7587;ETR_ETR;37
HH;7587;ETR_ETR;1
FF;7609;ETR_ETR;0
HF;7609;ETR_ETR;9
HH;7609;ETR_ETR;0
FF;7611;ETR_ETR;1
HF;7611;ETR_ETR;34
HH;7611;ETR_ETR;0
FF;7612;ETR_ETR;0
HF;7612;ETR_ETR;26
HH;7612;ETR_ETR;0
FF;7630;ETR_ETR;0
HF;7630;ETR_ETR;62
HH;7630;ETR_ETR;0
FF;7631;ETR_ETR;3
HF;7631;ETR_ETR;215
HH;7631;ETR_ETR;2
FF;7632;ETR_ETR;0
HF;7632;ETR_ETR;19
HH;7632;ETR_ETR;1
FF;7634;ETR_ETR;1
HF;7634;ETR_ETR;159
HH;7634;ETR_ETR;0
FF;7646;ETR_ETR;0
HF;7646;ETR_ETR;10
HH;7646;ETR_ETR;0
FF;7648;ETR_ETR;0
HF;7648;ETR_ETR;2
HH;7648;ETR_ETR;0
FF;7665;ETR_ETR;2
HF;7665;ETR_ETR;11
HH;7665;ETR_ETR;0
FF;7666;ETR_ETR;1
HF;7666;ETR_ETR;30
HH;7666;ETR_ETR;1
FF;7681;ETR_ETR;1
HF;7681;ETR_ETR;17
HH;7681;ETR_ETR;0
FF;7682;ETR_ETR;0
HF;7682;ETR_ETR;21
HH;7682;ETR_ETR;0
FF;8401;ETR_ETR;0
HF;8401;ETR_ETR;72
HH;8401;ETR_ETR;1
FF;8403;ETR_ETR;1
HF;8403;ETR_ETR;18
HH;8403;ETR_ETR;0
FF;8407;ETR_ETR;0
HF;8407;ETR_ETR;18
HH;8407;ETR_ETR;0
FF;8415;ETR_ETR;0
HF;8415;ETR_ETR;2
HH;8415;ETR_ETR;0
FF;8426;ETR_ETR;0
HF;8426;ETR_ETR;29
HH;8426;ETR_ETR;0
FF;8438;ETR_ETR;2
HF;8438;ETR_ETR;141
HH;8438;ETR_ETR;1
FF;8442;ETR_ETR;0
HF;8442;ETR_ETR;97
HH;8442;ETR_ETR;0
FF;8443;ETR_ETR;0
HF;8443;ETR_ETR;6
HH;8443;ETR_ETR;0
FF;8463;ETR_ETR;0
HF;8463;ETR_ETR;58
HH;8463;ETR_ETR;1
FF;8469;ETR_ETR;4
HF;8469;ETR_ETR;321
HH;8469;ETR_ETR;1
FF;8473;ETR_ETR;0
HF;8473;ETR_ETR;55
HH;8473;ETR_ETR;0
FF;8474;ETR_ETR;0
HF;8474;ETR_ETR;167
HH;8474;ETR_ETR;1
FF;9304;ETR_ETR;0
HF;9304;ETR_ETR;8
HH;9304;ETR_ETR;0
FF;9305;ETR_ETR;0
HF;9305;ETR_ETR;8
HH;9305;ETR_ETR;0
FF;9306;ETR_ETR;0
HF;9306;ETR_ETR;275
HH;9306;ETR_ETR;3
FF;9313;ETR_ETR;0
HF;9313;ETR_ETR;259
HH;9313;ETR_ETR;2
FF;9383;ETR_ETR;0
HF;9383;ETR_ETR;80
HH;9383;ETR_ETR;2
FF;9384;ETR_ETR;1
HF;9384;ETR_ETR;72
HH;9384;ETR_ETR;0
FF;942A;ETR_ETR;0
HF;942A;ETR_ETR;11
HH;942A;ETR_ETR;0
FF;942B;ETR_ETR;0
HF;942B;ETR_ETR;30
HH;942B;ETR_ETR;0
FF;971;ETR_ETR;1
HF;971;ETR_ETR;35
HH;971;ETR_ETR;0
FF;972;ETR_ETR;0
HF;972;ETR_ETR;15
HH;972;ETR_ETR;0
FF;973;ETR_ETR;1
HF;973;ETR_ETR;133
HH;973;ETR_ETR;1
FF;974;ETR_ETR;0
HF;974;ETR_ETR;4
HH;974;ETR_ETR;0
FF;976;ETR_ETR;0
HF;976;ETR_ETR;23
HH;976;ETR_ETR;0
FF;1175;FR_ETR;32
HF;1175;FR_ETR;2089
HH;1175;FR_ETR;127
FF;1177;FR_ETR;6
HF;1177;FR_ETR;820
HH;1177;FR_ETR;11
FF;1178;FR_ETR;5
HF;1178;FR_ETR;971
HH;1178;FR_ETR;4
FF;1191;FR_ETR;5
HF;1191;FR_ETR;939
HH;1191;FR_ETR;5
FF;1192;FR_ETR;11
HF;1192;FR_ETR;1386
HH;1192;FR_ETR;23
FF;1193;FR_ETR;13
HF;1193;FR_ETR;1548
HH;1193;FR_ETR;17
FF;1194;FR_ETR;7
HF;1194;FR_ETR;1240
HH;1194;FR_ETR;16
FF;1195;FR_ETR;0
HF;1195;FR_ETR;984
HH;1195;FR_ETR;6
FF;2418;FR_ETR;1
HF;2418;FR_ETR;88
HH;2418;FR_ETR;3
FF;2428;FR_ETR;0
HF;2428;FR_ETR;153
HH;2428;FR_ETR;0
FF;2436;FR_ETR;0
HF;2436;FR_ETR;42
HH;2436;FR_ETR;1
FF;2437;FR_ETR;2
HF;2437;FR_ETR;218
HH;2437;FR_ETR;3
FF;2441;FR_ETR;1
HF;2441;FR_ETR;108
HH;2441;FR_ETR;2
FF;2445;FR_ETR;4
HF;2445;FR_ETR;284
HH;2445;FR_ETR;5
FF;2721;FR_ETR;1
HF;2721;FR_ETR;170
HH;2721;FR_ETR;0
FF;2725;FR_ETR;1
HF;2725;FR_ETR;233
HH;2725;FR_ETR;2
FF;2739;FR_ETR;2
HF;2739;FR_ETR;66
HH;2739;FR_ETR;1
FF;2758;FR_ETR;0
HF;2758;FR_ETR;43
HH;2758;FR_ETR;1
FF;2770;FR_ETR;1
HF;2770;FR_ETR;48
HH;2770;FR_ETR;1
FF;2771;FR_ETR;0
HF;2771;FR_ETR;145
HH;2771;FR_ETR;3
FF;2789;FR_ETR;0
HF;2789;FR_ETR;111
HH;2789;FR_ETR;0
FF;2790;FR_ETR;1
HF;2790;FR_ETR;58
HH;2790;FR_ETR;1
FF;2814;FR_ETR;1
HF;2814;FR_ETR;187
HH;2814;FR_ETR;5
FF;2827;FR_ETR;0
HF;2827;FR_ETR;173
HH;2827;FR_ETR;2
FF;2850;FR_ETR;1
HF;2850;FR_ETR;100
HH;2850;FR_ETR;2
FF;2861;FR_ETR;0
HF;2861;FR_ETR;74
HH;2861;FR_ETR;5
FF;2876;FR_ETR;1
HF;2876;FR_ETR;460
HH;2876;FR_ETR;7
FF;3202;FR_ETR;0
HF;3202;FR_ETR;136
HH;3202;FR_ETR;0
FF;3259;FR_ETR;11
HF;3259;FR_ETR;987
HH;3259;FR_ETR;15
FF;3260;FR_ETR;2
HF;3260;FR_ETR;309
HH;3260;FR_ETR;4
FF;3262;FR_ETR;3
HF;3262;FR_ETR;270
HH;3262;FR_ETR;6
FF;3280;FR_ETR;0
HF;3280;FR_ETR;156
HH;3280;FR_ETR;1
FF;4408;FR_ETR;0
HF;4408;FR_ETR;60
HH;4408;FR_ETR;3
FF;4410;FR_ETR;0
HF;4410;FR_ETR;93
HH;4410;FR_ETR;2
FF;4451;FR_ETR;0
HF;4451;FR_ETR;172
HH;4451;FR_ETR;1
FF;4452;FR_ETR;0
HF;4452;FR_ETR;22
HH;4452;FR_ETR;0
FF;4454;FR_ETR;1
HF;4454;FR_ETR;269
HH;4454;FR_ETR;6
FF;4455;FR_ETR;0
HF;4455;FR_ETR;41
HH;4455;FR_ETR;1
FF;4457;FR_ETR;2
HF;4457;FR_ETR;443
HH;4457;FR_ETR;2
FF;4467;FR_ETR;5
HF;4467;FR_ETR;587
HH;4467;FR_ETR;3
FF;4468;FR_ETR;0
HF;4468;FR_ETR;392
HH;4468;FR_ETR;5
FF;4488;FR_ETR;0
HF;4488;FR_ETR;50
HH;4488;FR_ETR;1
FF;5244;FR_ETR;7
HF;5244;FR_ETR;515
HH;5244;FR_ETR;9
FF;5249;FR_ETR;0
HF;5249;FR_ETR;275
HH;5249;FR_ETR;3
FF;5253;FR_ETR;1
HF;5253;FR_ETR;84
HH;5253;FR_ETR;2
FF;5272;FR_ETR;1
HF;5272;FR_ETR;172
HH;5272;FR_ETR;6
FF;5285;FR_ETR;1
HF;5285;FR_ETR;139
HH;5285;FR_ETR;6
FF;5322;FR_ETR;2
HF;5322;FR_ETR;162
HH;5322;FR_ETR;1
FF;5329;FR_ETR;7
HF;5329;FR_ETR;264
HH;5329;FR_ETR;1
FF;5335;FR_ETR;2
HF;5335;FR_ETR;348
HH;5335;FR_ETR;4
FF;5356;FR_ETR;3
HF;5356;FR_ETR;181
HH;5356;FR_ETR;2
FF;7516;FR_ETR;0
HF;7516;FR_ETR;106
HH;7516;FR_ETR;5
FF;7517;FR_ETR;0
HF;7517;FR_ETR;145
HH;7517;FR_ETR;4
FF;7519;FR_ETR;0
HF;7519;FR_ETR;50
HH;7519;FR_ETR;1
FF;7523;FR_ETR;1
HF;7523;FR_ETR;21
HH;7523;FR_ETR;0
FF;7524;FR_ETR;2
HF;7524;FR_ETR;129
HH;7524;FR_ETR;2
FF;7533;FR_ETR;14
HF;7533;FR_ETR;741
HH;7533;FR_ETR;9
FF;7540;FR_ETR;1
HF;7540;FR_ETR;112
HH;7540;FR_ETR;1
FF;7547;FR_ETR;1
HF;7547;FR_ETR;99
HH;7547;FR_ETR;0
FF;7564;FR_ETR;3
HF;7564;FR_ETR;213
HH;7564;FR_ETR;8
FF;7579;FR_ETR;2
HF;7579;FR_ETR;72
HH;7579;FR_ETR;0
FF;7586;FR_ETR;3
HF;7586;FR_ETR;127
HH;7586;FR_ETR;3
FF;7587;FR_ETR;0
HF;7587;FR_ETR;99
HH;7587;FR_ETR;1
FF;7609;FR_ETR;1
HF;7609;FR_ETR;49
HH;7609;FR_ETR;3
FF;7611;FR_ETR;3
HF;7611;FR_ETR;140
HH;7611;FR_ETR;0
FF;7612;FR_ETR;2
HF;7612;FR_ETR;79
HH;7612;FR_ETR;3
FF;7630;FR_ETR;2
HF;7630;FR_ETR;288
HH;7630;FR_ETR;7
FF;7631;FR_ETR;11
HF;7631;FR_ETR;759
HH;7631;FR_ETR;18
FF;7632;FR_ETR;1
HF;7632;FR_ETR;53
HH;7632;FR_ETR;1
FF;7634;FR_ETR;7
HF;7634;FR_ETR;623
HH;7634;FR_ETR;12
FF;7646;FR_ETR;3
HF;7646;FR_ETR;45
HH;7646;FR_ETR;0
FF;7648;FR_ETR;0
HF;7648;FR_ETR;16
HH;7648;FR_ETR;0
FF;7665;FR_ETR;0
HF;7665;FR_ETR;73
HH;7665;FR_ETR;1
FF;7666;FR_ETR;3
HF;7666;FR_ETR;165
HH;7666;FR_ETR;2
FF;7681;FR_ETR;1
HF;7681;FR_ETR;104
HH;7681;FR_ETR;2
FF;7682;FR_ETR;0
HF;7682;FR_ETR;110
HH;7682;FR_ETR;2
FF;8401;FR_ETR;4
HF;8401;FR_ETR;303
HH;8401;FR_ETR;2
FF;8403;FR_ETR;1
HF;8403;FR_ETR;64
HH;8403;FR_ETR;2
FF;8407;FR_ETR;1
HF;8407;FR_ETR;78
HH;8407;FR_ETR;1
FF;8415;FR_ETR;0
HF;8415;FR_ETR;23
HH;8415;FR_ETR;1
FF;8426;FR_ETR;2
HF;8426;FR_ETR;188
HH;8426;FR_ETR;0
FF;8438;FR_ETR;6
HF;8438;FR_ETR;500
HH;8438;FR_ETR;4
FF;8442;FR_ETR;3
HF;8442;FR_ETR;320
HH;8442;FR_ETR;3
FF;8443;FR_ETR;1
HF;8443;FR_ETR;48
HH;8443;FR_ETR;0
FF;8463;FR_ETR;2
HF;8463;FR_ETR;230
HH;8463;FR_ETR;2
FF;8469;FR_ETR;5
HF;8469;FR_ETR;1071
HH;8469;FR_ETR;20
FF;8473;FR_ETR;0
HF;8473;FR_ETR;193
HH;8473;FR_ETR;0
FF;8474;FR_ETR;12
HF;8474;FR_ETR;572
HH;8474;FR_ETR;12
FF;9304;FR_ETR;1
HF;9304;FR_ETR;49
HH;9304;FR_ETR;1
FF;9305;FR_ETR;0
HF;9305;FR_ETR;41
HH;9305;FR_ETR;0
FF;9306;FR_ETR;5
HF;9306;FR_ETR;799
HH;9306;FR_ETR;16
FF;9313;FR_ETR;3
HF;9313;FR_ETR;1094
HH;9313;FR_ETR;12
FF;9383;FR_ETR;2
HF;9383;FR_ETR;402
HH;9383;FR_ETR;3
FF;9384;FR_ETR;0
HF;9384;FR_ETR;290
HH;9384;FR_ETR;3
FF;942A;FR_ETR;0
HF;942A;FR_ETR;49
HH;942A;FR_ETR;0
FF;942B;FR_ETR;1
HF;942B;FR_ETR;53
HH;942B;FR_ETR;1
FF;971;FR_ETR;1
HF;971;FR_ETR;71
HH;971;FR_ETR;0
FF;972;FR_ETR;0
HF;972;FR_ETR;58
HH;972;FR_ETR;1
FF;973;FR_ETR;1
HF;973;FR_ETR;199
HH;973;FR_ETR;2
FF;974;FR_ETR;0
HF;974;FR_ETR;147
HH;974;FR_ETR;4
FF;976;FR_ETR;0
HF;976;FR_ETR;231
HH;976;FR_ETR;2
FF;1175;FR_FR;119
HF;1175;FR_FR;6078
HH;1175;FR_FR;283
FF;1177;FR_FR;54
HF;1177;FR_FR;3683
HH;1177;FR_FR;40
FF;1178;FR_FR;48
HF;1178;FR_FR;3387
HH;1178;FR_FR;32
FF;1191;FR_FR;46
HF;1191;FR_FR;2907
HH;1191;FR_FR;20
FF;1192;FR_FR;71
HF;1192;FR_FR;4201
HH;1192;FR_FR;58
FF;1193;FR_FR;38
HF;1193;FR_FR;3138
HH;1193;FR_FR;36
FF;1194;FR_FR;61
HF;1194;FR_FR;3192
HH;1194;FR_FR;41
FF;1195;FR_FR;35
HF;1195;FR_FR;3152
HH;1195;FR_FR;19
FF;2418;FR_FR;9
HF;2418;FR_FR;709
HH;2418;FR_FR;8
FF;2428;FR_FR;15
HF;2428;FR_FR;1051
HH;2428;FR_FR;13
FF;2436;FR_FR;8
HF;2436;FR_FR;472
HH;2436;FR_FR;6
FF;2437;FR_FR;36
HF;2437;FR_FR;1516
HH;2437;FR_FR;21
FF;2441;FR_FR;13
HF;2441;FR_FR;813
HH;2441;FR_FR;5
FF;2445;FR_FR;29
HF;2445;FR_FR;1693
HH;2445;FR_FR;24
FF;2721;FR_FR;25
HF;2721;FR_FR;1236
HH;2721;FR_FR;18
FF;2725;FR_FR;25
HF;2725;FR_FR;1360
HH;2725;FR_FR;15
FF;2739;FR_FR;11
HF;2739;FR_FR;617
HH;2739;FR_FR;5
FF;2758;FR_FR;4
HF;2758;FR_FR;429
HH;2758;FR_FR;7
FF;2770;FR_FR;9
HF;2770;FR_FR;608
HH;2770;FR_FR;8
FF;2771;FR_FR;20
HF;2771;FR_FR;1256
HH;2771;FR_FR;12
FF;2789;FR_FR;13
HF;2789;FR_FR;788
HH;2789;FR_FR;12
FF;2790;FR_FR;4
HF;2790;FR_FR;381
HH;2790;FR_FR;2
FF;2814;FR_FR;41
HF;2814;FR_FR;1840
HH;2814;FR_FR;26
FF;2827;FR_FR;32
HF;2827;FR_FR;1709
HH;2827;FR_FR;25
FF;2850;FR_FR;15
HF;2850;FR_FR;1162
HH;2850;FR_FR;23
FF;2861;FR_FR;11
HF;2861;FR_FR;638
HH;2861;FR_FR;11
FF;2876;FR_FR;67
HF;2876;FR_FR;3239
HH;2876;FR_FR;50
FF;3202;FR_FR;22
HF;3202;FR_FR;1203
HH;3202;FR_FR;11
FF;3259;FR_FR;143
HF;3259;FR_FR;7080
HH;3259;FR_FR;82
FF;3260;FR_FR;29
HF;3260;FR_FR;1976
HH;3260;FR_FR;16
FF;3262;FR_FR;104
HF;3262;FR_FR;4024
HH;3262;FR_FR;50
FF;3280;FR_FR;24
HF;3280;FR_FR;1265
HH;3280;FR_FR;11
FF;4408;FR_FR;12
HF;4408;FR_FR;580
HH;4408;FR_FR;4
FF;4410;FR_FR;14
HF;4410;FR_FR;721
HH;4410;FR_FR;5
FF;4451;FR_FR;19
HF;4451;FR_FR;1382
HH;4451;FR_FR;11
FF;4452;FR_FR;3
HF;4452;FR_FR;389
HH;4452;FR_FR;3
FF;4454;FR_FR;33
HF;4454;FR_FR;1928
HH;4454;FR_FR;19
FF;4455;FR_FR;4
HF;4455;FR_FR;437
HH;4455;FR_FR;2
FF;4457;FR_FR;42
HF;4457;FR_FR;2881
HH;4457;FR_FR;23
FF;4467;FR_FR;39
HF;4467;FR_FR;3255
HH;4467;FR_FR;26
FF;4468;FR_FR;26
HF;4468;FR_FR;2164
HH;4468;FR_FR;15
FF;4488;FR_FR;8
HF;4488;FR_FR;843
HH;4488;FR_FR;8
FF;5244;FR_FR;85
HF;5244;FR_FR;3856
HH;5244;FR_FR;64
FF;5249;FR_FR;37
HF;5249;FR_FR;2104
HH;5249;FR_FR;17
FF;5253;FR_FR;14
HF;5253;FR_FR;720
HH;5253;FR_FR;3
FF;5272;FR_FR;33
HF;5272;FR_FR;1274
HH;5272;FR_FR;17
FF;5285;FR_FR;49
HF;5285;FR_FR;2035
HH;5285;FR_FR;29
FF;5322;FR_FR;34
HF;5322;FR_FR;1380
HH;5322;FR_FR;11
FF;5329;FR_FR;41
HF;5329;FR_FR;2211
HH;5329;FR_FR;26
FF;5335;FR_FR;55
HF;5335;FR_FR;2505
HH;5335;FR_FR;32
FF;5356;FR_FR;36
HF;5356;FR_FR;1972
HH;5356;FR_FR;21
FF;7516;FR_FR;20
HF;7516;FR_FR;891
HH;7516;FR_FR;15
FF;7517;FR_FR;52
HF;7517;FR_FR;1654
HH;7517;FR_FR;25
FF;7519;FR_FR;7
HF;7519;FR_FR;544
HH;7519;FR_FR;10
FF;7523;FR_FR;4
HF;7523;FR_FR;184
HH;7523;FR_FR;2
FF;7524;FR_FR;22
HF;7524;FR_FR;1002
HH;7524;FR_FR;11
FF;7533;FR_FR;100
HF;7533;FR_FR;4589
HH;7533;FR_FR;83
FF;7540;FR_FR;27
HF;7540;FR_FR;1074
HH;7540;FR_FR;8
FF;7547;FR_FR;15
HF;7547;FR_FR;718
HH;7547;FR_FR;10
FF;7564;FR_FR;38
HF;7564;FR_FR;1493
HH;7564;FR_FR;20
FF;7579;FR_FR;13
HF;7579;FR_FR;818
HH;7579;FR_FR;6
FF;7586;FR_FR;27
HF;7586;FR_FR;928
HH;7586;FR_FR;11
FF;7587;FR_FR;22
HF;7587;FR_FR;768
HH;7587;FR_FR;12
FF;7609;FR_FR;13
HF;7609;FR_FR;344
HH;7609;FR_FR;6
FF;7611;FR_FR;21
HF;7611;FR_FR;896
HH;7611;FR_FR;10
FF;7612;FR_FR;14
HF;7612;FR_FR;683
HH;7612;FR_FR;11
FF;7630;FR_FR;53
HF;7630;FR_FR;2175
HH;7630;FR_FR;37
FF;7631;FR_FR;97
HF;7631;FR_FR;3499
HH;7631;FR_FR;60
FF;7632;FR_FR;7
HF;7632;FR_FR;453
HH;7632;FR_FR;6
FF;7634;FR_FR;92
HF;7634;FR_FR;3112
HH;7634;FR_FR;64
FF;7646;FR_FR;6
HF;7646;FR_FR;408
HH;7646;FR_FR;7
FF;7648;FR_FR;6
HF;7648;FR_FR;115
HH;7648;FR_FR;0
FF;7665;FR_FR;10
HF;7665;FR_FR;464
HH;7665;FR_FR;7
FF;7666;FR_FR;31
HF;7666;FR_FR;1234
HH;7666;FR_FR;30
FF;7681;FR_FR;25
HF;7681;FR_FR;875
HH;7681;FR_FR;9
FF;7682;FR_FR;18
HF;7682;FR_FR;657
HH;7682;FR_FR;7
FF;8401;FR_FR;26
HF;8401;FR_FR;1736
HH;8401;FR_FR;16
FF;8403;FR_FR;11
HF;8403;FR_FR;779
HH;8403;FR_FR;7
FF;8407;FR_FR;13
HF;8407;FR_FR;874
HH;8407;FR_FR;11
FF;8415;FR_FR;9
HF;8415;FR_FR;290
HH;8415;FR_FR;2
FF;8426;FR_FR;31
HF;8426;FR_FR;1524
HH;8426;FR_FR;20
FF;8438;FR_FR;64
HF;8438;FR_FR;3577
HH;8438;FR_FR;30
FF;8442;FR_FR;25
HF;8442;FR_FR;1928
HH;8442;FR_FR;20
FF;8443;FR_FR;5
HF;8443;FR_FR;575
HH;8443;FR_FR;4
FF;8463;FR_FR;30
HF;8463;FR_FR;1551
HH;8463;FR_FR;25
FF;8469;FR_FR;111
HF;8469;FR_FR;5387
HH;8469;FR_FR;70
FF;8473;FR_FR;23
HF;8473;FR_FR;1104
HH;8473;FR_FR;8
FF;8474;FR_FR;44
HF;8474;FR_FR;2263
HH;8474;FR_FR;20
FF;9304;FR_FR;9
HF;9304;FR_FR;409
HH;9304;FR_FR;7
FF;9305;FR_FR;10
HF;9305;FR_FR;380
HH;9305;FR_FR;2
FF;9306;FR_FR;54
HF;9306;FR_FR;2738
HH;9306;FR_FR;58
FF;9313;FR_FR;107
HF;9313;FR_FR;6152
HH;9313;FR_FR;66
FF;9383;FR_FR;72
HF;9383;FR_FR;3273
HH;9383;FR_FR;49
FF;9384;FR_FR;32
HF;9384;FR_FR;1658
HH;9384;FR_FR;22
FF;942A;FR_FR;4
HF;942A;FR_FR;417
HH;942A;FR_FR;4
FF;942B;FR_FR;7
HF;942B;FR_FR;432
HH;942B;FR_FR;1
FF;971;FR_FR;3
HF;971;FR_FR;788
HH;971;FR_FR;1
FF;972;FR_FR;3
HF;972;FR_FR;944
HH;972;FR_FR;2
FF;973;FR_FR;1
HF;973;FR_FR;286
HH;973;FR_FR;1
FF;974;FR_FR;30
HF;974;FR_FR;2666
HH;974;FR_FR;12
FF;976;FR_FR;0
HF;976;FR_FR;85
HH;976;FR_FR;2
FF;1175;TOTAL;158
HF;1175;TOTAL;8824
HH;1175;TOTAL;425
FF;1177;TOTAL;62
HF;1177;TOTAL;4859
HH;1177;TOTAL;51
FF;1178;TOTAL;54
HF;1178;TOTAL;4797
HH;1178;TOTAL;37
FF;1191;TOTAL;51
HF;1191;TOTAL;4357
HH;1191;TOTAL;26
FF;1192;TOTAL;84
HF;1192;TOTAL;6092
HH;1192;TOTAL;83
FF;1193;TOTAL;54
HF;1193;TOTAL;5613
HH;1193;TOTAL;56
FF;1194;TOTAL;69
HF;1194;TOTAL;5062
HH;1194;TOTAL;57
FF;1195;TOTAL;35
HF;1195;TOTAL;4634
HH;1195;TOTAL;25
FF;2418;TOTAL;10
HF;2418;TOTAL;815
HH;2418;TOTAL;11
FF;2428;TOTAL;15
HF;2428;TOTAL;1239
HH;2428;TOTAL;13
FF;2436;TOTAL;8
HF;2436;TOTAL;528
HH;2436;TOTAL;7
FF;2437;TOTAL;38
HF;2437;TOTAL;1799
HH;2437;TOTAL;24
FF;2441;TOTAL;14
HF;2441;TOTAL;944
HH;2441;TOTAL;7
FF;2445;TOTAL;33
HF;2445;TOTAL;2077
HH;2445;TOTAL;29
FF;2721;TOTAL;26
HF;2721;TOTAL;1453
HH;2721;TOTAL;18
FF;2725;TOTAL;26
HF;2725;TOTAL;1634
HH;2725;TOTAL;17
FF;2739;TOTAL;13
HF;2739;TOTAL;695
HH;2739;TOTAL;6
FF;2758;TOTAL;4
HF;2758;TOTAL;480
HH;2758;TOTAL;9
FF;2770;TOTAL;10
HF;2770;TOTAL;664
HH;2770;TOTAL;9
FF;2771;TOTAL;20
HF;2771;TOTAL;1428
HH;2771;TOTAL;15
FF;2789;TOTAL;13
HF;2789;TOTAL;929
HH;2789;TOTAL;13
FF;2790;TOTAL;5
HF;2790;TOTAL;452
HH;2790;TOTAL;3
FF;2814;TOTAL;42
HF;2814;TOTAL;2057
HH;2814;TOTAL;33
FF;2827;TOTAL;33
HF;2827;TOTAL;1933
HH;2827;TOTAL;27
FF;2850;TOTAL;16
HF;2850;TOTAL;1275
HH;2850;TOTAL;25
FF;2861;TOTAL;11
HF;2861;TOTAL;726
HH;2861;TOTAL;16
FF;2876;TOTAL;68
HF;2876;TOTAL;3811
HH;2876;TOTAL;58
FF;3202;TOTAL;22
HF;3202;TOTAL;1373
HH;3202;TOTAL;11
FF;3259;TOTAL;155
HF;3259;TOTAL;8326
HH;3259;TOTAL;97
FF;3260;TOTAL;31
HF;3260;TOTAL;2357
HH;3260;TOTAL;20
FF;3262;TOTAL;107
HF;3262;TOTAL;4323
HH;3262;TOTAL;56
FF;3280;TOTAL;24
HF;3280;TOTAL;1445
HH;3280;TOTAL;12
FF;4408;TOTAL;12
HF;4408;TOTAL;656
HH;4408;TOTAL;7
FF;4410;TOTAL;14
HF;4410;TOTAL;837
HH;4410;TOTAL;7
FF;4451;TOTAL;19
HF;4451;TOTAL;1608
HH;4451;TOTAL;12
FF;4452;TOTAL;3
HF;4452;TOTAL;417
HH;4452;TOTAL;3
FF;4454;TOTAL;35
HF;4454;TOTAL;2271
HH;4454;TOTAL;25
FF;4455;TOTAL;4
HF;4455;TOTAL;482
HH;4455;TOTAL;3
FF;4457;TOTAL;44
HF;4457;TOTAL;3430
HH;4457;TOTAL;26
FF;4467;TOTAL;44
HF;4467;TOTAL;4027
HH;4467;TOTAL;29
FF;4468;TOTAL;27
HF;4468;TOTAL;2658
HH;4468;TOTAL;20
FF;4488;TOTAL;8
HF;4488;TOTAL;906
HH;4488;TOTAL;9
FF;5244;TOTAL;93
HF;5244;TOTAL;4488
HH;5244;TOTAL;73
FF;5249;TOTAL;37
HF;5249;TOTAL;2426
HH;5249;TOTAL;20
FF;5253;TOTAL;15
HF;5253;TOTAL;818
HH;5253;TOTAL;5
FF;5272;TOTAL;34
HF;5272;TOTAL;1494
HH;5272;TOTAL;24
FF;5285;TOTAL;50
HF;5285;TOTAL;2191
HH;5285;TOTAL;35
FF;5322;TOTAL;36
HF;5322;TOTAL;1566
HH;5322;TOTAL;12
FF;5329;TOTAL;48
HF;5329;TOTAL;2508
HH;5329;TOTAL;28
FF;5335;TOTAL;57
HF;5335;TOTAL;2960
HH;5335;TOTAL;37
FF;5356;TOTAL;39
HF;5356;TOTAL;2183
HH;5356;TOTAL;23
FF;7516;TOTAL;21
HF;7516;TOTAL;1024
HH;7516;TOTAL;21
FF;7517;TOTAL;52
HF;7517;TOTAL;1822
HH;7517;TOTAL;30
FF;7519;TOTAL;7
HF;7519;TOTAL;603
HH;7519;TOTAL;12
FF;7523;TOTAL;5
HF;7523;TOTAL;212
HH;7523;TOTAL;3
FF;7524;TOTAL;24
HF;7524;TOTAL;1154
HH;7524;TOTAL;14
FF;7533;TOTAL;115
HF;7533;TOTAL;5533
HH;7533;TOTAL;92
FF;7540;TOTAL;28
HF;7540;TOTAL;1207
HH;7540;TOTAL;9
FF;7547;TOTAL;17
HF;7547;TOTAL;855
HH;7547;TOTAL;10
FF;7564;TOTAL;41
HF;7564;TOTAL;1749
HH;7564;TOTAL;28
FF;7579;TOTAL;15
HF;7579;TOTAL;912
HH;7579;TOTAL;6
FF;7586;TOTAL;30
HF;7586;TOTAL;1078
HH;7586;TOTAL;15
FF;7587;TOTAL;22
HF;7587;TOTAL;904
HH;7587;TOTAL;14
FF;7609;TOTAL;14
HF;7609;TOTAL;402
HH;7609;TOTAL;9
FF;7611;TOTAL;25
HF;7611;TOTAL;1070
HH;7611;TOTAL;10
FF;7612;TOTAL;16
HF;7612;TOTAL;788
HH;7612;TOTAL;14
FF;7630;TOTAL;55
HF;7630;TOTAL;2525
HH;7630;TOTAL;44
FF;7631;TOTAL;111
HF;7631;TOTAL;4473
HH;7631;TOTAL;80
FF;7632;TOTAL;8
HF;7632;TOTAL;525
HH;7632;TOTAL;8
FF;7634;TOTAL;100
HF;7634;TOTAL;3894
HH;7634;TOTAL;76
FF;7646;TOTAL;9
HF;7646;TOTAL;463
HH;7646;TOTAL;7
FF;7648;TOTAL;6
HF;7648;TOTAL;133
HH;7648;TOTAL;0
FF;7665;TOTAL;12
HF;7665;TOTAL;548
HH;7665;TOTAL;8
FF;7666;TOTAL;35
HF;7666;TOTAL;1429
HH;7666;TOTAL;33
FF;7681;TOTAL;27
HF;7681;TOTAL;996
HH;7681;TOTAL;11
FF;7682;TOTAL;18
HF;7682;TOTAL;788
HH;7682;TOTAL;9
FF;8401;TOTAL;30
HF;8401;TOTAL;2111
HH;8401;TOTAL;19
FF;8403;TOTAL;13
HF;8403;TOTAL;861
HH;8403;TOTAL;9
FF;8407;TOTAL;14
HF;8407;TOTAL;970
HH;8407;TOTAL;12
FF;8415;TOTAL;9
HF;8415;TOTAL;315
HH;8415;TOTAL;3
FF;8426;TOTAL;33
HF;8426;TOTAL;1741
HH;8426;TOTAL;20
FF;8438;TOTAL;72
HF;8438;TOTAL;4218
HH;8438;TOTAL;35
FF;8442;TOTAL;28
HF;8442;TOTAL;2345
HH;8442;TOTAL;23
FF;8443;TOTAL;6
HF;8443;TOTAL;629
HH;8443;TOTAL;4
FF;8463;TOTAL;32
HF;8463;TOTAL;1839
HH;8463;TOTAL;28
FF;8469;TOTAL;120
HF;8469;TOTAL;6779
HH;8469;TOTAL;91
FF;8473;TOTAL;23
HF;8473;TOTAL;1352
HH;8473;TOTAL;8
FF;8474;TOTAL;56
HF;8474;TOTAL;3002
HH;8474;TOTAL;33
FF;9304;TOTAL;10
HF;9304;TOTAL;466
HH;9304;TOTAL;8
FF;9305;TOTAL;10
HF;9305;TOTAL;429
HH;9305;TOTAL;2
FF;9306;TOTAL;59
HF;9306;TOTAL;3812
HH;9306;TOTAL;77
FF;9313;TOTAL;110
HF;9313;TOTAL;7505
HH;9313;TOTAL;80
FF;9383;TOTAL;74
HF;9383;TOTAL;3755
HH;9383;TOTAL;54
FF;9384;TOTAL;33
HF;9384;TOTAL;2020
HH;9384;TOTAL;25
FF;942A;TOTAL;4
HF;942A;TOTAL;477
HH;942A;TOTAL;4
FF;942B;TOTAL;8
HF;942B;TOTAL;515
HH;942B;TOTAL;2
FF;971;TOTAL;5
HF;971;TOTAL;894
HH;971;TOTAL;1
FF;972;TOTAL;3
HF;972;TOTAL;1017
HH;972;TOTAL;3
FF;973;TOTAL;3
HF;973;TOTAL;618
HH;973;TOTAL;4
FF;974;TOTAL;30
HF;974;TOTAL;2817
HH;974;TOTAL;16
FF;976;TOTAL;0
HF;976;TOTAL;339
HH;976;TOTAL;4
FF;11XX;ETR_ETR;16
HF;11XX;ETR_ETR;4523
HH;11XX;ETR_ETR;22
FF;24XX;ETR_ETR;0
HF;24XX;ETR_ETR;255
HH;24XX;ETR_ETR;0
FF;27XX;ETR_ETR;0
HF;27XX;ETR_ETR;186
HH;27XX;ETR_ETR;2
FF;28XX;ETR_ETR;1
HF;28XX;ETR_ETR;220
HH;28XX;ETR_ETR;3
FF;32XX;ETR_ETR;1
HF;32XX;ETR_ETR;418
HH;32XX;ETR_ETR;0
FF;44XX;ETR_ETR;2
HF;44XX;ETR_ETR;583
HH;44XX;ETR_ETR;1
FF;52XX;ETR_ETR;1
HF;52XX;ETR_ETR;243
HH;52XX;ETR_ETR;1
FF;53XX;ETR_ETR;0
HF;53XX;ETR_ETR;194
HH;53XX;ETR_ETR;2
FF;75XX;ETR_ETR;3
HF;75XX;ETR_ETR;476
HH;75XX;ETR_ETR;7
FF;76XX;ETR_ETR;9
HF;76XX;ETR_ETR;615
HH;76XX;ETR_ETR;4
FF;84XX;ETR_ETR;7
HF;84XX;ETR_ETR;984
HH;84XX;ETR_ETR;5
FF;93XX;ETR_ETR;1
HF;93XX;ETR_ETR;702
HH;93XX;ETR_ETR;7
FF;94XX;ETR_ETR;0
HF;94XX;ETR_ETR;41
HH;94XX;ETR_ETR;0
FF;97XX;ETR_ETR;2
HF;97XX;ETR_ETR;210
HH;97XX;ETR_ETR;1
FF;11XX;FR_ETR;79
HF;11XX;FR_ETR;9977
HH;11XX;FR_ETR;209
FF;24XX;FR_ETR;8
HF;24XX;FR_ETR;893
HH;24XX;FR_ETR;14
FF;27XX;FR_ETR;6
HF;27XX;FR_ETR;874
HH;27XX;FR_ETR;9
FF;28XX;FR_ETR;3
HF;28XX;FR_ETR;994
HH;28XX;FR_ETR;21
FF;32XX;FR_ETR;16
HF;32XX;FR_ETR;1858
HH;32XX;FR_ETR;26
FF;44XX;FR_ETR;8
HF;44XX;FR_ETR;2129
HH;44XX;FR_ETR;24
FF;52XX;FR_ETR;10
HF;52XX;FR_ETR;1185
HH;52XX;FR_ETR;26
FF;53XX;FR_ETR;14
HF;53XX;FR_ETR;955
HH;53XX;FR_ETR;8
FF;75XX;FR_ETR;27
HF;75XX;FR_ETR;1914
HH;75XX;FR_ETR;34
FF;76XX;FR_ETR;34
HF;76XX;FR_ETR;2504
HH;76XX;FR_ETR;51
FF;84XX;FR_ETR;37
HF;84XX;FR_ETR;3590
HH;84XX;FR_ETR;47
FF;93XX;FR_ETR;11
HF;93XX;FR_ETR;2675
HH;93XX;FR_ETR;35
FF;94XX;FR_ETR;1
HF;94XX;FR_ETR;102
HH;94XX;FR_ETR;1
FF;97XX;FR_ETR;2
HF;97XX;FR_ETR;706
HH;97XX;FR_ETR;9
FF;11XX;FR_FR;472
HF;11XX;FR_FR;29738
HH;11XX;FR_FR;529
FF;24XX;FR_FR;110
HF;24XX;FR_FR;6254
HH;24XX;FR_FR;77
FF;27XX;FR_FR;111
HF;27XX;FR_FR;6675
HH;27XX;FR_FR;79
FF;28XX;FR_FR;166
HF;28XX;FR_FR;8588
HH;28XX;FR_FR;135
FF;32XX;FR_FR;322
HF;32XX;FR_FR;15548
HH;32XX;FR_FR;170
FF;44XX;FR_FR;200
HF;44XX;FR_FR;14580
HH;44XX;FR_FR;116
FF;52XX;FR_FR;218
HF;52XX;FR_FR;9989
HH;52XX;FR_FR;130
FF;53XX;FR_FR;166
HF;53XX;FR_FR;8068
HH;53XX;FR_FR;90
FF;75XX;FR_FR;347
HF;75XX;FR_FR;14663
HH;75XX;FR_FR;213
FF;76XX;FR_FR;393
HF;76XX;FR_FR;14915
HH;76XX;FR_FR;254
FF;84XX;FR_FR;392
HF;84XX;FR_FR;21588
HH;84XX;FR_FR;233
FF;93XX;FR_FR;284
HF;93XX;FR_FR;14610
HH;93XX;FR_FR;204
FF;94XX;FR_FR;11
HF;94XX;FR_FR;849
HH;94XX;FR_FR;5
FF;97XX;FR_FR;37
HF;97XX;FR_FR;4769
HH;97XX;FR_FR;18
FF;11XX;TOTAL;567
HF;11XX;TOTAL;44238
HH;11XX;TOTAL;760
FF;24XX;TOTAL;118
HF;24XX;TOTAL;7402
HH;24XX;TOTAL;91
FF;27XX;TOTAL;117
HF;27XX;TOTAL;7735
HH;27XX;TOTAL;90
FF;28XX;TOTAL;170
HF;28XX;TOTAL;9802
HH;28XX;TOTAL;159
FF;32XX;TOTAL;339
HF;32XX;TOTAL;17824
HH;32XX;TOTAL;196
FF;44XX;TOTAL;210
HF;44XX;TOTAL;17292
HH;44XX;TOTAL;141
FF;52XX;TOTAL;229
HF;52XX;TOTAL;11417
HH;52XX;TOTAL;157
FF;53XX;TOTAL;180
HF;53XX;TOTAL;9217
HH;53XX;TOTAL;100
FF;75XX;TOTAL;377
HF;75XX;TOTAL;17053
HH;75XX;TOTAL;254
FF;76XX;TOTAL;436
HF;76XX;TOTAL;18034
HH;76XX;TOTAL;309
FF;84XX;TOTAL;436
HF;84XX;TOTAL;26162
HH;84XX;TOTAL;285
FF;93XX;TOTAL;296
HF;93XX;TOTAL;17987
HH;93XX;TOTAL;246
FF;94XX;TOTAL;12
HF;94XX;TOTAL;992
HH;94XX;TOTAL;6
FF;97XX;TOTAL;41
HF;97XX;TOTAL;5685
HH;97XX;TOTAL;28
FF;FM;ETR_ETR;41
HF;FM;ETR_ETR;9439
HH;FM;ETR_ETR;54
FF;FE;ETR_ETR;43
HF;FE;ETR_ETR;9650
HH;FE;ETR_ETR;55
FF;FM;FR_ETR;254
HF;FM;FR_ETR;29641
HH;FM;FR_ETR;505
FF;FE;FR_ETR;256
HF;FE;FR_ETR;30356
HH;FE;FR_ETR;514
FF;FM;FR_FR;3193
HF;FM;FR_FR;165909
HH;FM;FR_FR;2233
FF;FE;FR_FR;3229
HF;FE;FR_FR;170834
HH;FE;FR_FR;2253
FF;FM;TOTAL;3488
HF;FM;TOTAL;204989
HH;FM;TOTAL;2792
FF;FE;TOTAL;3528
HF;FE;TOTAL;210840
HH;FE;TOTAL;2822
